,Relation,Count,Example 1,Example 2,Example 3
1,has measured component,5917.0,beta Alanine (substance) -- has measured component-> beta-Alanine measurement,Immunogen -- has measured component-> Human leukocyte antigen (HLA) A antigen typing (procedure),Anti HAV -- has measured component-> Hepatitis A antibody level
2,same as,41406.0,Levatores labii -- same as-> Levator labii superioris,Other specified arthropod-borne viral diseases -- same as-> Other specified arthropod-borne viral diseases,Mefloquine poisoning -- same as-> Mefloquine poisoning of undetermined intent
3,isa,924325.0,"Metacarpophalangeal joint of little finger -- isa-> Articular surface, phalanges, of fifth metacarpal bone","Closed fracture finger distal phalanx, mallet (disorder) -- isa-> Closed mallet fracture of distal phalanx of little finger (disorder)","inorganic; dust, pneumoconiosis -- isa-> Pneumoconiosis due to silicates"
5,component of,9755.0,Droperidol measurement (procedure) -- component of-> Substances,Cold agglutinin screen (procedure) -- component of-> Cold agglutinin (substance),"Chlorine measurement (procedure) -- component of-> Lipid, lipoprotein, or related analyte"
6,method of,125899.0,Primary decompression of spinal cord NEC (procedure) -- method of-> Decompression operation,Referral by clinical allergist (procedure) -- method of-> Referral - action,Expression of conjunctival follicles -- method of-> Manipulation - action (qualifier value)
7,intent of,23420.0,Streptomycin level -- intent of-> Diagnostic intent (qualifier value),Putting patient in a position -- intent of-> Therapeutic,Measles IgG level -- intent of-> Diagnostic intent (qualifier value)
8,active ingredient of,43169.0,Product containing only eplerenone 100 mg/1 each oral tablet (clinical drug) -- active ingredient of-> Hypotensive agent,Aspirin and oxycodone product -- active ingredient of-> Aspirin product,2-phenylphenol -- active ingredient of-> 2-phenylphenol
10,has component,9752.0,Finding of red blood cell morphology -- has component-> Sickling test,Legionella species antibody -- has component-> Legionella immunoglobulin M level,Allergen (attribute) -- has component-> Cladosporium herbarum IgG RAST
12,disposition of,10066.0,Pitavastatin calcium (substance) -- disposition of-> HMG-CoA reductase inhibitor,Polyporopepsin (substance) -- disposition of-> Hydrolase (disposition),Vaborbactam (substance) -- disposition of-> Antibacterial
14,has disposition,10041.0,Cholinesterase inhibitor -- has disposition-> Galantamine,Cholinergic receptor antagonist -- has disposition-> Trimethaphan (substance),Muscarinic receptor antagonist (disposition) -- has disposition-> Product containing glycopyrronium (medicinal product)
15,causative agent of,56497.0,Dipipanone poisoning -- causative agent of-> Methadone analog (substance),Subcutaneous pheomycotic abscess and cyst -- causative agent of-> Xylohypha,Alfentanil overdose of undetermined intent -- causative agent of-> Alfentanil (substance)
16,finding site of,232780.0,Childhood cerebral X-linked adrenoleukodystrophy (disorder) -- finding site of-> Adrenal cortex structure (body structure),Closed bimalleolar fracture (disorder) -- finding site of-> Foot structure,Malignant neoplasm of other sites of lip -- finding site of-> Ill-defined topographic site
17,possibly equivalent to,70402.0,H/O: sterilisation - female (& [tubal ligation]) -- possibly equivalent to-> H/O: sterilisation - female,(Potassium deficiency) or (hypokalaemia) (disorder) -- possibly equivalent to-> Low serum potassium level - finding,Fluid sample alkaline phosphatase measurement -- possibly equivalent to-> Sample alkaline phosphatase &/or fluid
19,has direct substance,10330.0,"Skin flap -- has direct substance-> Local subcutaneous pedicle island flap, osseomyocutaneous (procedure)",Vaccine and biological substance (substance) -- has direct substance-> 1st hepatitis A junior vaccination,Anesthetic drugs (substance) -- has direct substance-> Ring block of second toe
20,interprets,77467.0,DO2 - Oxygen delivery -- interprets-> Cyanotic congenital heart disease NOS,Ability to manage medication (observable entity) -- interprets-> Premedication deliberately omitted,Ability to use words -- interprets-> Difficulty using words
24,has basis of strength substance,771.0,Atorvastatin -- has basis of strength substance-> Atorvastatin (as atorvastatin calcium) 40 mg oral tablet,Micafungin -- has basis of strength substance-> Micafungin 50mg powder for injection solution vial,Rivastigmine product -- has basis of strength substance-> Product containing precisely rivastigmine (as rivastigmine tartrate) 6 milligram/1 each conventional release oral capsule (clinical drug)
25,has precise active ingredient,5932.0,Product containing amitriptyline (medicinal product) -- has precise active ingredient-> Product containing precisely amitriptyline 25 milligram and perphenazine 4 milligram/1 each conventional release oral tablet,ISDN - isosorbide dinitrate -- has precise active ingredient-> Isosorbide dinitrate 10 mg/10 mL solution for injection ampule,Pantoprazole sodium -- has precise active ingredient-> Pantoprazole sodium 40mg tablet (product)
26,dose form of,28211.0,Rectal Aspirin (product) -- dose form of-> Rectal dosage form (product),Ropinirole 0.25mg tablet (product) -- dose form of-> Tablet (basic dose form),Mestranol- and norethisterone-containing product in oral dose form -- dose form of-> Oral dosage form (product)
28,refers to,1053.0,"Open greenstick fracture (morphologic abnormality) -- refers to-> Fracture, open, incomplete",Assessment of mobility (procedure) -- refers to-> Finding of mobility (finding),Finding of response to pain (finding) -- refers to-> Finding of response to pain (finding)
29,role played by,8147.0,Methenamine mandelate 0.5 gram/1 each oral tablet -- role played by-> Antibacterial therapeutic role (role),Product containing only vandetanib (medicinal product) -- role played by-> Antineoplastic therapeutic role,Product containing only dirithromycin in oral dose form (medicinal product form) -- role played by-> Antibacterial therapeutic role (role)
31,cause of,18439.0,Sprain dorsal intercarpal ligament -- cause of-> Traumatic event,Irradiation hypothyroidism -- cause of-> Exposure to ionising radiation,Contusion of foot -- cause of-> Traumatic event
37,definitional manifestation of,9713.0,Excessive vasoactive intestinal peptide secretion -- definitional manifestation of-> D - Diarrhea,IgG monoclonal gammopathy of uncertain significance -- definitional manifestation of-> Serum gamma globulin raised (finding),Epilepsy in mother complicating pregnancy (disorder) -- definitional manifestation of-> [D]Convulsion NOS (situation)
38,realization of,1550.0,Allergy to octreotide (finding) -- realization of-> Allergic process (qualifier value),Oxitropium allergy (disorder) -- realization of-> Allergic process (qualifier value),Sulfaguanidine allergy -- realization of-> Allergic process (qualifier value)
39,occurs before,5629.0,Triamcinolone allergy (disorder) -- occurs before-> Allergic sensitization (finding),Dysarthria as late effect of embolic cerebrovascular accident -- occurs before-> apoplexy; embolic,Kaolin allergy -- occurs before-> Allergic sensitization (finding)
45,associated with,5836.0,BMS - Bare metal stent -- associated with-> Bare metal stent in anterior descending branch of left coronary artery (finding),Oral hairy leukoplakia associated with HIV disease (disorder) -- associated with-> Immunodeficiency disorder,Nail dystrophy due to Darier disease -- associated with-> SKIN DISORDER
46,was a,13758.0,Abortion with complication (disorder) -- was a-> Legal termination of pregnancy with complication,PERIPHERAL NERVE DISORDERS -- was a-> Other specified disorders of peripheral nervous system,Arthrodesis NOS (procedure) -- was a-> Revision of arthrodesis and articular bone graft NEC (procedure)
54,technique of,464.0,Galactose measured intake in 24 hours -- technique of-> Measurement (qualifier value),Measured quantity of intake of phosphorus in 24 hours (observable entity) -- technique of-> Measurement (qualifier value),Estimated quantity of intake of carbohydrate per kilogram body weight in 24 hours (observable entity) -- technique of-> Estimation technique (qualifier value)
58,direct substance of,10330.0,Repair of nonunion of tibia with iliac autograft (procedure) -- direct substance of-> Autogenous bone graft material (substance),Internal carotid angiogram -- direct substance of-> Radiographic contrast media,Local anesthetic ankle block -- direct substance of-> Anesthetic drugs (substance)
59,focus of,6638.0,Anesthesia for pneumocentesis -- focus of-> Pneumocentesis (procedure),Discussion about anticoagulation therapy (procedure) -- focus of-> Anticoagulant therapy,Urethroplasy with skin graft for second stage hypospadias repair -- focus of-> Hypospadias
66,has finding site,232785.0,Digestive organ structure -- has finding site-> Lateral openbite - right (disorder),Endocrine testis (body structure) -- has finding site-> Other iatrogenic postablative testicular hypofunction (disorder),Skin -- has finding site-> Pigmentation due to diet
67,has direct procedure site,15510.0,Structure of blood vessel of thoracic cross-sectional segment of trunk (body structure) -- has direct procedure site-> Computed tomography angiography of thorax with contrast,Lower respiratory structure -- has direct procedure site-> Diagnostic fibreoptic endoscopic examination of lower respiratory tract and lavage of lesion of lower respiratory tract,Thoracic vertebral column region -- has direct procedure site-> X-ray of thoracic spine using mobile image intensifier (procedure)
68,has procedure site,75767.0,"Blood vessel, NOS -- has procedure site-> Ligation of major aortopulmonary collateral artery (procedure)",Prostatic structure (body structure) -- has procedure site-> Trucut biopsy of prostate,Arm between shoulder and elbow -- has procedure site-> Manipulation of elbow - non-surgical (regime/therapy)
69,has indirect procedure site,5348.0,Artery -- has indirect procedure site-> Repair of pseudoaneurysm by injection of thrombin,Eye -- has indirect procedure site-> Insertion of bilateral prosthetic intraocular lenses,Entire hip joint -- has indirect procedure site-> Primary hybrid total prosthetic replacement of hip joint using cemented femoral component (procedure)
70,has specimen source topography,2402.0,Brain -- has specimen source topography-> Tissue specimen from brain (specimen),Body tissue structure (body structure) -- has specimen source topography-> Extrahepatic bile duct cytologic material,Male genital structure -- has specimen source topography-> Male genital sample (specimen)
71,has part,52405.0,Entire brachioradialis muscle -- has part-> Entire skeletal muscle system,Thumbnail -- has part-> Entire thumb (body structure),Suprageniculate nucleus -- has part-> Dorsal thalamus
72,part of,52359.0,Entire fallopian tube -- part of-> Opening of Fallopian tube,Entire musculoskeletal system -- part of-> Entire puboprostatic ligament,Entire thoracic spine (body structure) -- part of-> T8/T9 ligamentum flavum
73,has entire anatomy structure,14604.0,Lacrimal duct -- has entire anatomy structure-> Lacrimal duct structure (body structure),Entire primary superior mesenteric artery branch -- has entire anatomy structure-> Primary superior mesenteric artery branch (body structure),Entire fifth anterior intercostal artery (body structure) -- has entire anatomy structure-> Fifth anterior intercostal artery (body structure)
75,temporal context of,10163.0,On examination - poor dental hygiene (finding) -- temporal context of-> Current (qualifier value),O/E - pinhole visual acuity right eye=6/18 (finding) -- temporal context of-> Current (qualifier value),Suspected food poisoning -- temporal context of-> Current or specified
78,associated finding of,8670.0,"Paratyphoid fever suspected -- associated finding of-> [X]Paratyphoid fever, unspecified",On examination - wrist joint abnormal (disorder) -- associated finding of-> Joint observation,On examination - no nystagmus (situation) -- associated finding of-> Finding of vision
79,has associated finding,8712.0,Finding reported by subject or history provider (finding) -- has associated finding-> Fetor ex ore,Personal history finding (finding) -- has associated finding-> History of angina pectoris,Finding reported by subject or history provider (finding) -- has associated finding-> Swelling of scrotum (finding)
80,associated morphology of,134899.0,"Traction alopecia -- associated morphology of-> Tissue damage, NOS",Sacralization of lumbar vertebra -- associated morphology of-> Congenital failure of segmentation,Acute sarcoid polymyositis -- associated morphology of-> Granulomatous inflammation
81,pathological process of,35412.0,"Viral pneumonia associated with acquired immunodeficiency syndrome -- pathological process of-> Communicable disease, NOS",AMELOONYCHOHYPOHIDROTIC SYNDROME -- pathological process of-> Pathological developmental process (qualifier value),"Abscess of bursa of shoulder (disorder) -- pathological process of-> Communicable disease, NOS"
82,has definitional manifestation,9675.0,Thrombocytopenia -- has definitional manifestation-> Other primary thrombocytopenia,[D]Convulsion NOS (situation) -- has definitional manifestation-> O/E - focal fit,Drug allergy -- has definitional manifestation-> Drug for the treatment of gout allergy (disorder)
83,is interpreted by,77715.0,Spondyloepiphyseal dysplasia Reardon type (disorder) -- is interpreted by-> Height and growth,Minimal shared activities -- is interpreted by-> Ability to interact with others (observable entity),Self-mutilation of penis (finding) -- is interpreted by-> Functional observable
84,due to,17976.0,"Traumatic event -- due to-> Closed traumatic dislocation elbow joint, medial (disorder)",Neoplastic growth -- due to-> Pathologic neoplastic fracture of clavicle,Intentional event (event) -- due to-> Intentional ampicillin overdose
85,has focus,6634.0,Glaucoma (disorder) -- has focus-> Insertion of Molteno tube into anterior chamber (procedure),[D]Gait abnormality (context-dependent category) -- has focus-> Full weight-bearing gait training,Infant care -- has focus-> Infant care education
86,has occurrence,18746.0,Apgar at 1 minute = 6 -- has occurrence-> Neonatal,Supernumerary lacrimal punctum (disorder) -- has occurrence-> Congenital (qualifier value),Torsion of accessory fallopian tube (disorder) -- has occurrence-> Congenital (qualifier value)
87,direct procedure site of,15508.0,Laser procedure on skin (procedure) -- direct procedure site of-> Skin,MRI of sacrococcygeal spine -- direct procedure site of-> Structure of coccygeal vertebral column region,"Upper thigh amputation (procedure) -- direct procedure site of-> Lower extremity, NOS"
89,procedure site of,75767.0,Partial excision of lacrimal gland -- procedure site of-> Lacrimal apparatus structure,Cardio-omentopexy (procedure) -- procedure site of-> Body wall structure,IVRSB - Intravenous regional sympathetic block -- procedure site of-> Periarterial sympathetic nerve
90,used by,5503.0,Primary open reduction of fracture of patella and fixation with tension band wiring -- used by-> Internal fixator,Ice cube treatment -- used by-> Cold,Angioplasty of popliteal artery (procedure) -- used by-> Angioplasty catheter (physical object)
92,approach of,1988.0,"Injection of vitreous substitute, pars plana approach -- approach of-> Pars plana approach (qualifier value)",Other specified diagnostic cystoscopy -- approach of-> Transurethral approach,Nephroscopic ureteric stent procedure (procedure) -- approach of-> Procedural approach
94,finding method of,9027.0,O/E - adenoid hypertrophy -- finding method of-> Examination - action,O/E - dorsalis pedis -L -- finding method of-> Examination - action,"Born in Zaire -- finding method of-> History taking, health"
100,has associated morphology,131887.0,Inflammatory morphology -- has associated morphology-> Seronegative rheumatoid arthritis of both wrists,Traumatic abnormality (morphologic abnormality) -- has associated morphology-> Foreign body in cervix (disorder),"Laceration, NOS -- has associated morphology-> Laceration of tendon of right biceps brachii"
102,clinical course of,4373.0,Transitory cytopenia (finding) -- clinical course of-> Temporary,Chronic tophaceous gout of shoulder caused by drug (disorder) -- clinical course of-> Chronic (qualifier value),Juvenile idiopathic arthritis of right hand (disorder) -- clinical course of-> Chronic (qualifier value)
103,severity of,505.0,Impairment level: better eye: moderate impairment; lesser eye: total impairment -- severity of-> Moderate,Severe manic bipolar I disorder with psychotic features -- severity of-> High grade,Severe depressed bipolar I disorder without psychotic features (disorder) -- severity of-> High grade
104,episodicity of,180.0,Local recurrence of malignant tumour of breast -- episodicity of-> New episode,First smiled (finding) -- episodicity of-> First episode,"Early syphilis, latent, serological relapse after treatment -- episodicity of-> New episode"
105,has direct morphology,11572.0,Saccular ectasia -- has direct morphology-> Excision of ureterocele (procedure),Exogenous material -- has direct morphology-> Arthrotomy of hip for removal of foreign body,"Lesion, NOS -- has direct morphology-> Destruction of lesion of rectum by chemicals"
106,temporally followed by,2979.0,Partial failure replanted toes (disorder) -- temporally followed by-> Implantation,Complication due to and following neuromuscular block -- temporally followed by-> Anesthesia procedure (procedure),Arteriovenous graft aneurysm -- temporally followed by-> Procedure (procedure)
107,substance used by,4492.0,Magnetic resonance imaging of both upper arms with contrast -- substance used by-> Contrast media,Single photon emission computed tomography using iodine 131 meta-iodobenzylguanidine (procedure) -- substance used by-> Metaiodobenzylguanidine (131-I),Correction of syndactyly with skin flap -- substance used by-> Skin flap
108,device used by,3320.0,Occlusion of patent ductus arteriosus using embolisation coil -- device used by-> Gianturco coil,Urine dipstick for specific gravity -- device used by-> Dipstick (physical object),Fluoroscopy guided percutaneous transluminal venoplasty of hepatic vein -- device used by-> Angioplasty catheter (physical object)
109,procedure morphology of,494.0,Procedure for peritoneal lesion (procedure) -- procedure morphology of-> Morphologically abnormal structure (morphologic abnormality),Care of open wound -- procedure morphology of-> Wounds - open,Primary excision of burnt skin -- procedure morphology of-> Burn injury
110,location of,20.0,Intracranial stereotactic neurolysis of optic nerve (II) (procedure) -- location of-> Intracranial,Extraperitoneal foreign body removed (procedure) -- location of-> Extraperitoneal (qualifier value),Extraperitoneal incision NEC -- location of-> Extraperitoneal (qualifier value)
117,has temporal context,10163.0,Temporal context value -- has temporal context-> Intramuscular vitamin K prophylaxis given in hospital,In the past -- has temporal context-> History of defibulation of vulva to facilitate delivery,Current (qualifier value) -- has temporal context-> On examination - decreased excitability (finding)
118,has finding context,6494.0,Known absent (qualifier value) -- has finding context-> No laryngeal tenderness,Known present -- has finding context-> History of primary malignant neoplasm of anterior wall of urinary bladder (situation),Known present -- has finding context-> O/E -nasal disch.-mucopurulent
119,has subject relationship context,9821.0,Person in family of subject -- has subject relationship context-> Family history: Psoriasis (situation),"Subject of record -- has subject relationship context-> [X]Abnormal level of hormones in specimens from other organs, systems and tissues",Subject of record -- has subject relationship context-> H/O: post-surgical state NOS
121,onset of,892.0,Acute posterolateral myocardial infarction -- onset of-> Acute onset,Acute Q wave myocardial infarction -- onset of-> Sudden,Acute peptic ulcer of stomach (disorder) -- onset of-> Acute onset
122,temporally follows,2978.0,Procedure (procedure) -- temporally follows-> Exposure of tissue expander (disorder),"Procedure (procedure) -- temporally follows-> Infec/inflm reac,card val pros",group A Streptococcal infection -- temporally follows-> rheumatic disease of pulmonary valve
123,occurs after,5630.0,Injury NOS (disorder) -- occurs after-> Traumatic cataract (disorder),Myocutaneous flap -- occurs after-> Necrosis of myocutaneous flap (disorder),RHEUMATIC FEVER ACUTE -- occurs after-> aortic valve disorder rheumatic sclerosis
124,during,242.0,Dialysis procedure -- during-> Non-allergic hypersensitivity reaction caused by dialysis membrane,Operation -- during-> Intraoperative complication due to anesthesia,Pregnancy delivered -- during-> Rupture of uterus during labor (disorder)
125,has indirect morphology,854.0,Ulcer -- has indirect morphology-> Debridement of foot ulcer,Abscess NOS -- has indirect morphology-> Incision and drainage of shoulder area for deep abscess,Abscess NOS -- has indirect morphology-> Colpotomy with drainage of pelvic abscess (procedure)
126,has specimen source morphology,190.0,Surgical incision -- has specimen source morphology-> Swab from surgical wound (specimen),Clot -- has specimen source morphology-> Clotted blood sample (specimen),"Polyp, NOS -- has specimen source morphology-> Endometrial polyp sample"
127,has pathological process,35415.0,Neoplastic process (qualifier value) -- has pathological process-> Benign neoplasm of arytenoid fold,Pathological developmental process (qualifier value) -- has pathological process-> Cleft palate and cleft lip with deafness and sacral lipoma syndrome,Infectious process (qualifier value) -- has pathological process-> carbuncle of hip (diagnosis)
128,inheres in,922.0,Neoplasms NOS (disorder) -- inheres in-> Extent of optic nerve invasion by tumour,Neoplasms NOS (disorder) -- inheres in-> International neuroblastoma staging system stage,Specimen -- inheres in-> Specimen collection procedure
129,has procedure morphology,494.0,Morphologically abnormal structure (morphologic abnormality) -- has procedure morphology-> Excision of lesion of joint NEC (procedure),External stoma (body structure) -- has procedure morphology-> Ileostomy management and care (regime/therapy),Ulcer -- has procedure morphology-> Operation on gastric ulcer NOS
132,has device intended site,589.0,"Breast, NOS -- has device intended site-> Breast prosthesis","Genitourinary system, NOS -- has device intended site-> Dilatation catheter male 18Ch (physical object)","Genitourinary system, NOS -- has device intended site-> Nelaton 8Ch female length urethral catheter with 700mL drainage bag"
133,part anatomy structure of,320.0,"Breast, NOS -- part anatomy structure of-> Breast part (body structure)",Artery -- part anatomy structure of-> Arterial part (body structure),Left fallopian tube -- part anatomy structure of-> Part of left fallopian tube (body structure)
134,has method,123874.0,Surgical action -- has method-> Lateral rectus myotomy (procedure),Removal - action (qualifier value) -- has method-> Removal of intravenous foreign body (procedure),Incision: otomy - action (qualifier value) -- has method-> Nephrostomy
136,has inherent attribute,922.0,"Greatest length dimension of excised primary malignant neoplasm -- has inherent attribute-> Tumor, malignant",Distance of in situ carcinoma from closest lateral margin (observable entity) -- has inherent attribute-> Tissue specimen obtained by excision,Toe joint stability (observable entity) -- has inherent attribute-> Musculoskeletal system
138,has associated etiologic finding,440.0,Diabetes Mellitus -- has associated etiologic finding-> Oth specfd diab mel+ketoacidos,Vitamin deficiency -- has associated etiologic finding-> Encephalopathy due to vitamin deficiency,"Folic acid deficiency disease -- has associated etiologic finding-> anemia; megaloblastic, complicating pregnancy"
140,associated etiologic finding of,32.0,Spontaneous abortion with acute yellow atrophy of liver (disorder) -- associated etiologic finding of-> liver atrophy,"Glaucoma due to contusion injury -- associated etiologic finding of-> Injury of eye, NOS",Aphakic glaucoma -- associated etiologic finding of-> Unspecified disorder of lens
141,has course,3576.0,Multiple superficial injuries of lower leg (disorder) -- has course-> Polycys kid infant+RF,Acuteness -- has course-> bronchiolitis acute viral,Intermittent (qualifier value) -- has course-> Homozygous acute intermittent porphyria
144,procedure device of,735.0,Intubation of duodenum NEC -- procedure device of-> Gastrointestinal tube,Preparation of pattern for cast restoration of tooth - chairside -- procedure device of-> Device (physical object),Anesthesia machine check -- procedure device of-> Device (physical object)
148,has precondition,18.0,Orthostatic body position (finding) -- has precondition-> Standing diastolic blood pressure (observable entity),Sitting position -- has precondition-> Sitting height,At rest -- has precondition-> Resting heart rate (observable entity)
149,procedure context of,3713.0,Failed spinal anesthesia (situation) -- procedure context of-> Post-starting action status (qualifier value),Patient given advice (situation) -- procedure context of-> Done (qualifier value),History of replacement of mitral valve with tissue graft -- procedure context of-> Done (qualifier value)
150,associated procedure of,3703.0,Meningitis C immunisation refused -- associated procedure of-> Meningitis C vaccination,Unilateral electroconvulsive therapy -- associated procedure of-> ECT,Weight gain advised -- associated procedure of-> Counselling - general NOS (procedure)
151,temporally related to,216.0,Intentional fentanyl overdose -- temporally related to-> Suicide attempt by fentanyl overdose (event),Illegal abortion complicated by metabolic disorder (disorder) -- temporally related to-> Induced termination of pregnancy,Induced termination of pregnancy -- temporally related to-> Termination of pregnancy complicated by septic embolism
152,has clinical course,4373.0,Recurring -- has clinical course-> Recurrent inguinal hernia with obstruction (disorder),Chronic (qualifier value) -- has clinical course-> Localized chronic pemphigoid,Sudden onset AND/OR short duration (qualifier value) -- has clinical course-> Acute bronchitis with obstruction
153,has onset,892.0,Acute onset -- has onset-> Calculus of bile duct with acute cholecystitis without obstruction,Acute onset -- has onset-> Acute gastritis,Acute onset -- has onset-> Injury from ground current from lightning (disorder)
154,has realization,1550.0,Allergic process (qualifier value) -- has realization-> Triclosan allergy (disorder),Allergic process (qualifier value) -- has realization-> Acemetacin allergy (disorder),Allergic process (qualifier value) -- has realization-> Poldine allergy (disorder)
155,has intent,23422.0,Undetermined intent -- has intent-> Etomidate overdose of undetermined intent,Diagnostic intent (qualifier value) -- has intent-> Trichlormethiazide measurement (procedure),"Diagnostic intent (qualifier value) -- has intent-> Phosphofructokinase measurement, erythrocytes (procedure)"
157,specimen substance of,1311.0,"Contact lens solution sample (specimen) -- specimen substance of-> Liquid substance, NOS",Platelet poor plasma specimen from patient (specimen) -- specimen substance of-> Plasma,Double J stent submitted as specimen -- specimen substance of-> JJ-stent (physical object)
161,wound has communication with,1462.0,Open dislocation C3/C4 -- wound has communication with-> Open injury (qualifier value),Closed fracture metatarsal head -- wound has communication with-> Closed injury (qualifier value),"Closed fracture of base of skull with intracranial injury, with loss of consciousness of unspecified duration (disorder) -- wound has communication with-> Closed injury (qualifier value)"
175,characterizes,928.0,v wave (qualifier value) -- characterizes-> Wedge pressure - v wave,Physiologic measurement (procedure) -- characterizes-> Measured gestational weight gain,Direct local invasion (qualifier value) -- characterizes-> Status of invasion by tumor (observable entity)
180,uses device,4103.0,Pack (physical object) -- uses device-> Packing for postoperative bleeding from tonsillar bed (procedure),"Endoscope, NOS -- uses device-> Diagnostic endoscopy of lower bowel using fiberoptic sigmoidoscope","Bone plate, device (physical object) -- uses device-> Primary open reduction of fracture of elbow and fixation with Hook fixation plate"
198,has severity,505.0,Mild -- has severity-> Minor memory lapses,High grade -- has severity-> Hurler's syndrome,"High grade -- has severity-> Severe bipolar disorder with psychotic features, mood-incongruent (disorder)"
217,direct site of,63.0,Anatomic location of malignant melanoma with uninvolved deep margin in excised skin specimen (observable entity) -- direct site of-> Specimen from skin obtained by excision (specimen),Pulmonary vein wedge pressure - v wave -- direct site of-> Structure of pulmonary vein great vessel (body structure),Second greatest dimension of excised primary malignant neoplasm -- direct site of-> Tissue specimen obtained by excision
218,precondition of,18.0,Standing height (observable entity) -- precondition of-> Orthostatic body position (finding),Sitting diastolic blood pressure -- precondition of-> Sitting position,Ambulatory post-hyperaemic venous pressure -- precondition of-> Post hyperaemic
220,has device characteristic,920.0,Sterile -- has device characteristic-> Alginate dressing sterile 10cm x 20cm (physical object),"Sterile -- has device characteristic-> Non-absorbable sutures sterile silk braided 3gauge, 45cm","Bioabsorbable (qualifier value) -- has device characteristic-> Multi-purpose surgical mesh, synthetic polymer, bioabsorbable"
221,has scale type,912.0,Quantitative -- has scale type-> Finding of temperature of pinna,Quantitative -- has scale type-> Heart rate on admission,Quantitative -- has scale type-> Measured oral intake of nutritionally complete liquid supplement in 24 hours (observable entity)
222,has time aspect,379.0,Single point in time (qualifier value) -- has time aspect-> Proportion of energy requirement from protein and protein derivatives in 24 hours (observable entity),Single point in time (qualifier value) -- has time aspect-> Second greatest dimension of excised neoplasm,Single point in time (qualifier value) -- has time aspect-> Status of visceral pleura invasion by tumor (observable entity)
223,has process duration,362.0,24 hours (qualifier value) -- has process duration-> Measured quantity of intake of carbohydrate via parenteral nutrition in 24 hours,24 hours (qualifier value) -- has process duration-> Plant fibre measured intake from oral nutrition in 24 hours,24 hours (qualifier value) -- has process duration-> Estimated quantity of intake of psyllium in 24 hours
230,state of matter of,132.0,Cream (qualifier value) -- state of matter of-> Semi-solid (state of matter),Hard capsule (qualifier value) -- state of matter of-> Solid (state of matter),Infusion solution (product) -- state of matter of-> Liquid (state of matter)
232,has priority,1915.0,Emergency -- has priority-> Closed cardiac massage+ventil.,Urgent -- has priority-> Referral by gynaecologist,Emergency -- has priority-> Admit oral surgical emergency (procedure)
233,has communication with wound,1462.0,"Open injury (qualifier value) -- has communication with wound-> Open fracture of vault of skull without mention of intracranial injury, state of consciousness unspecified (disorder)","Open injury (qualifier value) -- has communication with wound-> Hind brain laceration with open intracranial wound, with loss of consciousness of unspecified duration (disorder)",Open injury (qualifier value) -- has communication with wound-> Open wound of testes with complication (disorder)
234,has extent,1240.0,"Partial -- has extent-> Longmire operation, bile duct anastomosis",Radical -- has extent-> Salvage cystoprostatectomy,Total -- has extent-> Bilateral mastectomy with excision of bilateral regional lymph nodes (procedure)
244,has revision status,1847.0,Primary -- has revision status-> Primary arthrodesis of first metatarsophalangeal joint only,Main -- has revision status-> Primary closed reduction of fracture dislocation and fixation by wire(s) (procedure),Primary -- has revision status-> Primary foraminoplasty of lumbar spine using laser (procedure)
254,has episodicity,180.0,New episode -- has episodicity-> Recurrent salmonella septicemia,New episode -- has episodicity-> Basal cell carcinoma recurrent following cryosurgery,New episode -- has episodicity-> Acute exacerbation of COPD
